arm,workers,gift_value,piece_rate,employer_effort,reciprocity_index,effort_minutes,output_units,quality_score,value_created
control,120,0.0,0.0,0.0,0.44775,39.5,59.65,0.7941666666666667,47.399833333333326
cash_gift,120,1.0,0.0,0.0,0.44775,42.85841666666667,62.684,0.7841666666666666,49.181333333333335
noncash_gift,120,0.85,0.0,0.25,0.44775,43.729749999999996,63.46991666666667,0.7991666666666667,50.749583333333334
piece_rate,120,0.0,0.22,0.0,0.44775,42.14,63.35208333333333,0.7941666666666667,50.34
employer_return,120,0.65,0.0,0.55,0.44775,44.70783333333333,64.35208333333334,0.8051666666666667,51.841
