scenario,target_level,hours_level,headcount_level,terminal_hours_gap,terminal_headcount_gap
nonconvex-demand-expansion,110.00000000000001,109.99936000000001,107.50000000000001,0.0006400000000041928,2.5
convex-demand-expansion,110.00000000000001,109.99755859375001,109.24581109375,0.00244140625,0.7541889062500076
payroll-tax-cut,106.0,105.98897040625,104.5,0.01102959374999557,1.5
