,earnings_penalty,earnings_penalty,hours_penalty,hours_penalty,participation_penalty,participation_penalty
parent,father,mother,father,mother,father,mother
event_time,,,,,,
0,-0.0006491666666668117,-0.08021708333333377,-0.26809374999999136,-3.397682083333329,0.00010416666666657193,7.083333333335329e-05
2,0.0048837499999998535,-0.2136279166666668,-0.15399083333333152,-5.669503749999997,-0.005270833333333447,-0.10833875000000004
5,0.002870833333333156,-0.2773416666666666,-0.06835874999999447,-6.942587916666664,-0.006450416666666681,-0.15600083333333337
10,0.008593749999999734,-0.2994129166666668,0.056842500000001905,-7.345940416666661,-0.009624999999999995,-0.16993958333333337
