year,schedule_letter,workers,perceived_net_return,knowledge_gap,annual_hours,control_hours,control_knowledge_gap,hours_vs_control,gap_vs_control
1,0,240,0.5266666666666667,0.1581875,1310.8,1310.8,0.1581875,0.0,0.0
1,1,80,0.5250625,0.1581875,1266.0975,1310.8,0.1581875,-44.70249999999987,0.0
2,0,240,0.5616666666666668,0.1231875,1315.4,1315.4,0.1231875,0.0,0.0
2,1,80,0.6100625,0.0731875,1288.6975,1315.4,0.1231875,-26.7025000000001,-0.05
3,0,240,0.5966666666666666,0.08818750000000002,1320.0,1320.0,0.08818750000000002,0.0,0.0
3,1,80,0.6450625,0.0381875,1293.2975000000001,1320.0,0.08818750000000002,-26.702499999999873,-0.05000000000000002
4,0,240,0.6316666666666666,0.053187500000000006,1324.6,1324.6,0.053187500000000006,0.0,0.0
4,1,80,0.6699375,0.0133125,1294.2525,1324.6,0.053187500000000006,-30.347499999999854,-0.03987500000000001
