exposure_count,observations,true_net_return,perceived_net_return,knowledge_gap,annual_hours,annual_earnings
0,212,0.6835141509433962,0.5135141509433963,0.16999999999999998,1297.5650943396226,25166.399716981134
1,267,0.685,0.5499999999999999,0.135,1308.8104868913858,25186.87307116105
2,293,0.684283276450512,0.5869965870307168,0.09728668941979524,1313.2559726962456,25382.096450511945
3,320,0.684453125,0.6232031250000001,0.061250000000000006,1315.221875,25368.55615625
4,161,0.6847826086956522,0.6622360248447205,0.022546583850931678,1313.6173913043478,25250.05801242236
5,27,0.6862962962962963,0.6762962962962964,0.01,1285.037037037037,24226.728148148148
