placebo_city,pre_rmspe,post_rmspe,rmspe_ratio,mean_post_gap
Lake City,0.17399181374421216,0.2914408065971582,1.6750259700471282,0.03662500000000435
Port City,0.2564567288062457,0.35746356719951566,1.3938552864782936,-0.3496375000000036
River City,0.36215753938491235,0.3265094035782125,0.9015673238026618,-0.24593750000000014
Prairie City,0.6436030091083592,0.43615421584572833,0.6776758493562232,-0.1720000000000006
Hill City,1.5306045646519335,0.9876265741665728,0.6452525995119868,0.9747500000000002
