arm,workers,salience,simplification,assistance,trust_support,baseline_awareness,post_awareness,perceived_value,procedural_cost,net_perceived_gain,application_started,application_completed,claimed_by_deadline,weeks_to_claim,filing_accuracy,earnings_response_index,post_awareness_adjusted,application_completed_adjusted,claimed_adjusted,post_awareness_vs_control,procedural_cost_vs_control,application_started_vs_control,application_completed_vs_control,claimed_by_deadline_vs_control,weeks_to_claim_vs_control,filing_accuracy_vs_control,earnings_response_index_vs_control,post_awareness_adjusted_vs_control,application_completed_adjusted_vs_control,claimed_adjusted_vs_control
control,200,0.0,0.0,0.0,0.0,0.31176,0.305265,484.12545,257.2548,226.8711,0.38,0.08,0.08,5.72,0.59699,0.252955,0.305265,0.07999999999999999,0.07999999999999999,0.0,0.0,0.0,0.0,0.0,0.0,0.0,0.0,0.0,0.0,0.0
salience_notice,200,0.75,0.0,0.0,0.1,0.31176,0.446265,536.6188500000001,226.505,310.1145,0.555,0.315,0.315,4.72,0.622395,0.31688500000000003,0.446265,0.31499999999999995,0.31499999999999995,0.14100000000000001,-30.749799999999993,0.17500000000000004,0.235,0.235,-1.0,0.02540500000000001,0.06393000000000004,0.14100000000000001,0.23499999999999996,0.23499999999999996
simplified_form,200,0.25,0.8,0.0,0.0,0.31176,0.446265,536.6188,192.505,344.11440000000005,0.61,0.44,0.44,4.415,0.7023949999999999,0.326885,0.446265,0.44,0.44,0.14100000000000001,-64.7498,0.22999999999999998,0.36,0.36,-1.3049999999999997,0.10540499999999986,0.07393,0.14100000000000001,0.36,0.36
assistance,200,0.25,0.0,0.85,0.35,0.31176,0.456265,540.34205,177.505,362.8379,0.595,0.485,0.485,4.215,0.69221,0.33368499999999995,0.456265,0.485,0.485,0.15099999999999997,-79.7498,0.21499999999999997,0.40499999999999997,0.40499999999999997,-1.505,0.09521999999999997,0.08072999999999997,0.15099999999999997,0.405,0.405
full_support,200,0.8,0.8,0.75,0.45,0.31176,0.647265,611.45025,104.25479999999999,507.19615,0.835,0.83,0.83,2.71,0.7985599999999999,0.422385,0.647265,0.83,0.83,0.34199999999999997,-153.0,0.45499999999999996,0.75,0.75,-3.01,0.20156999999999992,0.16943000000000003,0.34199999999999997,0.75,0.75
