arm,workers,salience,simplification,assistance,trust_support,baseline_awareness,post_awareness,perceived_value,procedural_cost,net_perceived_gain,application_started,application_completed,claimed_by_deadline,weeks_to_claim,filing_accuracy,earnings_response_index,post_awareness_adjusted,application_completed_adjusted,claimed_adjusted
control,200,0.0,0.0,0.0,0.0,0.31176,0.305265,484.12545,257.2548,226.8711,0.38,0.08,0.08,5.72,0.59699,0.252955,0.305265,0.07999999999999999,0.07999999999999999
salience_notice,200,0.75,0.0,0.0,0.1,0.31176,0.446265,536.6188500000001,226.505,310.1145,0.555,0.315,0.315,4.72,0.622395,0.31688500000000003,0.446265,0.31499999999999995,0.31499999999999995
simplified_form,200,0.25,0.8,0.0,0.0,0.31176,0.446265,536.6188,192.505,344.11440000000005,0.61,0.44,0.44,4.415,0.7023949999999999,0.326885,0.446265,0.44,0.44
assistance,200,0.25,0.0,0.85,0.35,0.31176,0.456265,540.34205,177.505,362.8379,0.595,0.485,0.485,4.215,0.69221,0.33368499999999995,0.456265,0.485,0.485
full_support,200,0.8,0.8,0.75,0.45,0.31176,0.647265,611.45025,104.25479999999999,507.19615,0.835,0.83,0.83,2.71,0.7985599999999999,0.422385,0.647265,0.83,0.83
