risk_group,n,treated,untreated,mean_baseline_risk,dr_net_effect,mean_true_net_effect_in_synthetic_data
low,120,63,57,0.2161180105730429,387.60874817781894,160.93124112865138
middle,120,63,57,0.38145670278870664,2528.9109502464858,1625.3465056508094
high,120,90,30,0.6283696571369165,3839.2858274096575,3298.721351609425
