demographic_group,n,policy_assignment_rate,observed_training_rate,mean_predicted_net_gain,mean_baseline_risk,mean_true_net_effect_in_synthetic_data
group_a,208,0.3269230769230769,0.5721153846153846,2450.953604171673,0.37255088998147146,1463.3960599534307
group_b,152,0.39473684210526316,0.6381578947368421,2798.9222297267484,0.4580443377874596,2011.9309956338989
