group,n,treated,untreated,propensity_p10,propensity_p50,propensity_p90
full_eval_sample,360,216,144,0.46405789410856674,0.5690139505335406,0.7006975864543091
assigned_by_selected_rule,128,92,36,0.5458504416890448,0.6500167085336852,0.7627651339123095
not_assigned_by_selected_rule,232,124,108,0.4465643485955097,0.5298727013662587,0.6382495099121408
