metric,value
rows,336.0
mean_bite,0.7868632451179471
below_floor_job_change,-55.95128205128205
near_floor_job_change,37.044622425629285
mean_avg_wage_change_post,0.4278840324449238
