post,below_floor,near_floor,mean_jobs,mean_avg_wage,mean_bite
0,0,0,107.97826086956522,15.792897726120138,0.7895857279798805
0,0,1,129.08695652173913,14.075237893861845,0.7808007766305352
0,1,0,120.23333333333333,11.518438628347774,0.7873753762471872
1,0,0,109.60526315789474,15.837895737211099,0.7917761384642035
1,0,1,166.1315789473684,14.516650428176595,0.7811417236728907
1,1,0,64.28205128205128,12.207109361960951,0.7886360067191628
