mileage_state,observations,empirical_replace_probability,mean_next_mileage_state,mean_operating_cost,mean_downtime_days,likelihood_model_replace_probability,gmm_model_replace_probability
0,1169,0.023952095808383235,1.0701454234388366,0.5298691360136869,0.06611508982035928,0.02192669320791147,0.02192669320791147
1,1257,0.11694510739856802,1.847255369928401,1.3900069291964996,0.15745419252187748,0.09328916136704153,0.09328916136704153
2,1203,0.22443890274314215,2.4679966749792186,2.1766489858686615,0.24122350789692434,0.2536432950250498,0.2536432950250498
3,891,0.4074074074074074,2.570145903479237,3.023610280583614,0.3193380134680135,0.42951199821875014,0.42951199821875014
4,578,0.6470588235294118,2.013840830449827,3.769451401384083,0.3563270761245675,0.5920190349009827,0.5920190349009827
5,244,0.7459016393442623,1.8237704918032787,4.06537737704918,0.38795217213114747,0.7399873773931479,0.7399873773931479
6,71,0.8450704225352113,1.3380281690140845,4.3159530985915495,0.37389577464788726,0.8422461839199539,0.8422461839199539
7,24,0.8333333333333334,1.5,4.439762083333334,0.36796083333333335,0.8711580699199337,0.8711580699199337
8,3,1.0,0.0,4.4114700000000004,0.30971333333333334,0.8733034790078208,0.8733034790078208
