component,value,share_of_total
worker_effect,0.05044638976240476,0.4227809150505045
firm_premium,0.027575835428364406,0.2311074586426513
sorting_covariance,0.03715708334866401,0.31140594545505845
residual,0.0038929775772709864,0.032626251950666166
total_residualized_variance,0.11932040441413619,1.0
