firm_quartile,average_log_wage,average_total_job_value,average_amenity_value
Q1,2.1285149659166325,2.0994710683111935,-0.0290438976054389
Q2,2.3587633111294894,2.369838048141125,0.011074737011635425
Q3,2.6806014766529556,2.779744722750829,0.09914324609787356
Q4,2.858194795200961,2.9959006709958347,0.1377058757948733
