contract_arm,cognitive_group,observed_effort,rational_effort,perceived_piece_rate,true_piece_rate,mean_effort_gap,n
complex_bonus,high,10.395418517481774,10.58477628802769,1.2994384460700015,1.45,-0.1893577705459141,325
complex_bonus,low,8.761937810623255,9.11558594564532,1.159202459830276,1.45,-0.35364813502206427,312
complex_bonus,middle,9.56824464096865,9.988590202845955,1.2279793494030211,1.45,-0.42034556187730465,314
simple_piece_rate,high,10.705463229716086,10.615075092316996,1.435837238046377,1.45,0.09038813739909092,275
simple_piece_rate,low,9.12991539715597,9.1774195496675,1.3254285302913311,1.45,-0.04750415251153059,288
simple_piece_rate,middle,9.889654740601017,9.837537287356565,1.3966557275415636,1.45,0.05211745324445288,286
