term,estimate,se
complex_bonus,-0.04559977185564246,0.2638823431027634
opacity_gap,-1.943230453529615,1.6430589951318575
baseline_skill,1.430506758653112,0.021404738428899596
cognitive_score,0.5249867888221963,0.09979586683938145
