burden_group,take_up_rate_control,take_up_rate_reminder_letter,take_up_rate_simplified_notice,completed_filing_rate_control,completed_filing_rate_reminder_letter,completed_filing_rate_simplified_notice,reminder_gain,simplified_gain
high,0.367816091954023,0.4008097165991903,0.405982905982906,0.31800766283524906,0.340080971659919,0.4230769230769231,0.03299362464516731,0.038166814028883
low,0.432,0.49246231155778897,0.46558704453441296,0.4,0.4371859296482412,0.4817813765182186,0.06046231155778897,0.03358704453441297
medium,0.36507936507936506,0.37910447761194027,0.4326923076923077,0.346031746031746,0.35522388059701493,0.42628205128205127,0.014025112532575212,0.06761294261294265
