treatment_arm,take_up_rate,completed_filing_rate,mean_benefit_received_k,n,take_up_gain_vs_control,filing_gain_vs_control
control,0.38619854721549635,0.35351089588377727,0.872219622883172,826,0.0,0.0
reminder_letter,0.4148527528809219,0.3713188220230474,0.8604009600060879,781,0.028654205665425536,0.017807926139270125
simplified_notice,0.43505674653215637,0.4426229508196721,0.9127538312971516,793,0.04885819931666002,0.08911205493589486
