treatment_arm,extra_work_units,productivity_index,n,extra_work_gain_vs_baseline,productivity_gain_vs_baseline
baseline,4.670502764838305,99.10053375378112,756,0.0,0.0
gift,5.546586374603558,99.18526102427073,640,0.8760836097652538,0.08472727048960849
high_piece_rate,5.80183222577841,100.46155116285476,704,1.1313294609401057,1.3610174090736393
