employer_return_high,extra_work_units_baseline,extra_work_units_gift,extra_work_units_high_piece_rate,productivity_index_baseline,productivity_index_gift,productivity_index_high_piece_rate,gift_extra_work_gain,piece_rate_extra_work_gain
0,4.69831100341764,5.498439083439313,5.820161476072792,99.13201220918639,99.12228780537086,100.39985627831376,0.8001280800216728,1.1218504726551526
1,4.639422968779049,5.601842661778633,5.782650452214523,99.06535195068113,99.25753230233704,100.52611557690929,0.9624196929995845,1.1432274834354743
