covariate,assigned_mean,control_mean,standardized_difference
baseline_enrolled,0.6533333333333333,0.5665024630541872,0.1787259636980424
salary,65755.60660000001,65837.42532019704,-0.008954178691353174
tenure,5.8153999999999995,5.1269458128078815,0.18482120078873077
age,43.28,42.689655172413794,0.051529653398006234
