assignment_group,n,mean_peer_assignment_share,mean_attendance,mean_outcome_observed
control,203,0.3666793103448276,0.4236453201970443,0.9113300492610837
encouraged,150,0.5037613333333333,0.7733333333333333,0.9266666666666666
