assignment_group,n,attendance_rate,enrollment_rate_observed
control,203,0.4236453201970443,0.4972972972972973
encouraged,150,0.7733333333333333,0.7410071942446043
