payday_distance,average_output,target_rate
0,59.404999999999994,1.0
1,58.654999999999994,1.0
2,57.904999999999994,0.95
3,57.154999999999994,0.9
4,56.404999999999994,0.85
5,55.654999999999994,0.85
6,54.904999999999994,0.85
7,54.154999999999994,0.8
8,53.404999999999994,0.75
9,52.654999999999994,0.65
