phase,u_rate,s_rate,f_rate,inflow_component,outflow_component,delta_u_next,ee_rate,incumbent_wage_growth,mover_wage_growth,aggregate_wage_growth
pre-downturn,0.04207,0.01633,0.37732,0.01564,-0.01586,-0.00022,0.02552,0.0067,0.01464,0.00654
downturn,0.08691,0.02418,0.25111,0.02204,-0.02121,0.00083,0.01282,0.00416,0.00511,0.00564
recovery,0.04543,0.01623,0.3706,0.01549,-0.01664,-0.00115,0.024,0.0064,0.0135,0.00641
late-cycle,0.04134,0.01649,0.38709,0.01581,-0.016,-0.0002,0.02622,0.00684,0.01517,0.00661
