method,n,brier,mae,accuracy,precision,recall,false_positive_rate,false_negative_rate,positive_prediction_rate
embedding_similarity,150.0,0.013578075779763327,0.03166814353428788,0.98,0.9736842105263158,1.0,0.07692307692307693,0.0,0.76
image_only,150.0,0.21998880946666668,0.41309066666666666,0.6866666666666666,0.8076923076923077,0.7567567567567568,0.5128205128205128,0.24324324324324326,0.6933333333333334
audio_only,150.0,0.2374864404666667,0.44054466666666664,0.6466666666666666,0.79,0.7117117117117117,0.5384615384615384,0.2882882882882883,0.6666666666666666
source_text_supervised,150.0,0.2634175772927772,0.4502590016212046,0.4066666666666667,1.0,0.1981981981981982,0.0,0.8018018018018018,0.14666666666666667
video_only,150.0,0.27249859226666673,0.4917706666666667,0.5333333333333333,0.7530864197530864,0.5495495495495496,0.5128205128205128,0.45045045045045046,0.54
multimodal_index,150.0,0.28538401099401256,0.5068627473151486,0.2866666666666667,1.0,0.036036036036036036,0.0,0.963963963963964,0.02666666666666667
dictionary_broad,150.0,0.74,0.74,0.26,0.0,0.0,0.0,1.0,0.0
