split,method,n,brier,mae,accuracy,precision,recall,false_positive_rate,false_negative_rate,positive_prediction_rate
transfer,dictionary_narrow,150.0,0.74,0.74,0.26,0.0,0.0,0.0,1.0,0.0
transfer,dictionary_broad,150.0,0.74,0.74,0.26,0.0,0.0,0.0,1.0,0.0
transfer,embedding_similarity,150.0,0.013578075779763327,0.03166814353428788,0.98,0.9736842105263158,1.0,0.07692307692307693,0.0,0.76
transfer,supervised_ridge,150.0,0.2634175772927772,0.4502590016212046,0.4066666666666667,1.0,0.1981981981981982,0.0,0.8018018018018018,0.14666666666666667
transfer,constructed_measure,150.0,0.28538401099401256,0.5068627473151486,0.2866666666666667,1.0,0.036036036036036036,0.0,0.963963963963964,0.02666666666666667
