group,tracts,resident_count,buffer_jobs_8_miles,buffer_jobs_15_miles,distance_decay_jobs,travel_time_jobs,generalized_cost_jobs,mean_travel_time_to_jobs
all,40,115994,398.196458,2854.257117,2616.309077,2917.729047,5890.391087,72.836063
high_black_share,20,43398,482.658187,3221.021706,2165.971177,2396.508482,4865.656593,87.337764
low_black_share,20,72596,347.705108,2635.004683,2885.521763,3229.3155,6502.978937,64.166923
transit_dependent,18,47071,873.539972,1979.690255,2348.106912,2513.655372,5192.557189,81.56021
not_transit_dependent,22,68923,73.56035,3451.543026,2799.477891,3193.691381,6366.977123,66.877901
