arm,workers,default_rate,active_prompt,commitment,participation,chosen_rate,benchmark_rate,welfare_gap,welfare_score
opt_in,150,0.0,0.0,0.0,1.0,0.04704666666666666,0.07064666666666666,0.023633333333333333,0.05636666666666667
auto_enroll_3,150,0.03,0.0,0.0,1.0,0.03828666666666667,0.07064666666666666,0.032306666666666664,0.04769333333333333
auto_enroll_6,150,0.06,0.0,0.0,1.0,0.0538,0.07064666666666666,0.01682,0.06318
active_choice,150,0.0,1.0,0.0,1.0,0.05986666666666667,0.07064666666666666,0.010793333333333334,0.06920666666666667
commitment_escalation,150,0.03,0.0,1.0,1.0,0.04623333333333333,0.07064666666666666,0.024373333333333334,0.055626666666666665
