knowledge_group,segment,workers,mean_observed_earnings,mean_local_knowledge,mean_perceived_subsidy,mean_adjustment_cost
low_knowledge,phase_in,292,10879.54845890411,0.3299486301369863,0.11198287671232876,0.24345205479452053
low_knowledge,phaseout,128,22707.785546875,0.3301171875,-0.0528203125,0.243
low_knowledge,plateau,180,17239.35438888889,0.33,0.0,0.24400000000000002
high_knowledge,phase_in,146,10915.466643835616,0.8097945205479452,0.2753287671232877,0.24345205479452053
high_knowledge,phaseout,64,22557.02796875,0.81046875,-0.129671875,0.243
high_knowledge,plateau,90,17199.318666666666,0.81,0.0,0.24400000000000002
