team_id,saturation_cell,assigned_treatment_prob,workers,treatment_rate,mean_team_treated_share_loo,mean_graph_treated_share,mean_productivity,untreated_workers
T01,low,0.25,12,0.25,0.25,0.279332,56.418675,9
T02,low,0.25,12,0.166667,0.166667,0.210714,53.676533,10
T03,low,0.4,12,0.166667,0.166667,0.157341,54.208967,10
T04,low,0.4,12,0.5,0.5,0.504762,57.261217,6
T05,high,0.6,12,0.666667,0.666667,0.722024,57.752467,4
T06,high,0.6,12,0.583333,0.583333,0.554861,59.513525,5
T07,high,0.75,12,0.833333,0.833333,0.771032,61.305717,2
T08,high,0.75,12,0.833333,0.833333,0.839815,60.60815,2
