group,n,pscore_min,pscore_p10,pscore_median,pscore_p90,pscore_max
treated,49,0.11705355248558164,0.259145231681633,0.4572326863902531,0.6555491499745539,0.7066380489048871
untreated,71,0.14057039692093395,0.22580635420332776,0.37772023038695884,0.5570678882539624,0.6254066723027425
