covariate,smd_raw,smd_weighted_att,smd_weighted_ate
prior_wage,0.10366832759731967,0.0247616814224818,-0.08153488268586064
tenure,0.36147398041117473,0.04482894594000674,-0.07234454795853275
baseline_perf,0.19766577401307087,0.1009404237281306,-0.030703332990415236
high_skill,0.17641806611755473,0.08125891702286994,-0.0704631954541491
supervisor_referral,0.2466321025289438,-0.05557366687236985,0.013192100594908565
schedule_flex,0.3144433218387371,0.025778681741208207,-0.070129667311482
distance_training,-0.24045321899561709,-0.05779779909768914,0.09356223493658876
