outcome,intercept,slope,mean_outcome,observations
dlog_employment,-0.00028346330557399923,0.6796877652755761,0.02249019011546871,16
dlog_wage,0.0010518185617844097,0.3798522412479014,0.013779167405379758,16
