estimate,value
ols_mincer_return,0.08356967806967618
iv_late_return,0.06845591203597919
first_stage_years,1.1263935177307274
