term,value
wage_coef,0.04016192466684202
predictable_coef,0.15109746828818985
remote_coef,0.0809801124243198
flexibility_coef,0.14969681738838006
