default_group,workers,firms,active_choice_required,default_contribution_rate,participation,passive_choice,contribution_rate,target_contribution_rate,default_gap,equity_share,target_equity_share,welfare_distance,undersaving,oversaving_liquidity_risk,sophistication_index,liquidity_need_index,participation_vs_active_choice,passive_choice_vs_active_choice,contribution_rate_vs_active_choice,default_gap_vs_active_choice,welfare_distance_vs_active_choice,undersaving_vs_active_choice,oversaving_liquidity_risk_vs_active_choice
low_default,300,12,0.0,0.03,1.0,0.6566666666666666,0.04213,0.05995333333333334,-0.01779666666666667,0.5015566666666668,0.5834466666666667,0.04901,0.47333333333333333,0.0,0.4926,0.40026666666666666,0.0,0.6566666666666666,-0.01781,-0.01779666666666667,0.04387666666666666,0.47333333333333333,0.0
standard_default,300,12,0.0,0.06,1.0,0.6833333333333333,0.06172333333333333,0.05995333333333334,0.0017800000000000001,0.6010399999999999,0.5834466666666667,0.02916,0.13,0.13666666666666666,0.4926,0.40026666666666666,0.0,0.6833333333333333,0.0017833333333333312,0.0017800000000000001,0.024026666666666665,0.13,0.13666666666666666
high_default,300,12,0.0,0.1,1.0,0.6366666666666667,0.08709333333333333,0.05995333333333334,0.027186666666666668,0.66254,0.5834466666666667,0.06074333333333333,0.0,0.29,0.4926,0.40026666666666666,0.0,0.6366666666666667,0.027153333333333328,0.027186666666666668,0.05560999999999999,0.0,0.29
active_choice,300,12,1.0,0.0,1.0,0.0,0.05994,0.05995333333333334,0.0,0.5826433333333334,0.5834466666666667,0.0051333333333333335,0.0,0.0,0.4926,0.40026666666666666,0.0,0.0,0.0,0.0,0.0,0.0,0.0
