demographic_group,n,policy_assignment_rate,observed_training_rate,mean_predicted_net_gain,mean_baseline_risk,mean_true_net_effect_in_synthetic_data,sample
group_a,208,0.3269230769230769,0.5721153846153846,2450.953604171673,0.37255088998147146,1463.3960599534307,source_eval
group_b,152,0.39473684210526316,0.6381578947368421,2798.9222297267484,0.4580443377874596,2011.9309956338989,source_eval
group_a,274,0.656934306569343,0.5474452554744526,4153.005763511271,0.519376589841831,1116.8635198609152,target
group_b,426,0.687793427230047,0.6244131455399061,4484.81689164001,0.6117412410268523,1501.145553080576,target
