policy,selected_by_source_training_value,source_eval_dr_value,source_eval_target_weighted_dr_value,target_true_value_synthetic,target_minus_weighted_source_value,source_assignment_rate,target_assignment_rate
treat_none,False,31681.327767091865,27382.627587635354,26053.0880839154,-1329.5395037199523,0.0,0.0
treat_all,False,33933.26294236985,30928.43474999873,27403.814669707142,-3524.6200802915882,1.0,1.0
high_baseline_risk,False,33000.94119082718,30302.624082531325,27291.56524946837,-3011.0588330629544,0.3388888888888889,0.6828571428571428
low_prior_earnings,False,33501.05867639453,30519.26485425266,27183.86087409767,-3335.403980154988,0.38333333333333336,0.65
long_unemployment,False,32901.511745505704,29491.69460161491,26942.008308908673,-2549.6862927062357,0.34444444444444444,0.48857142857142855
predicted_net_gain_top35,True,33153.049000374966,30136.311232026266,27294.32533702105,-2841.985895005215,0.35555555555555557,0.6757142857142857
