risk_group,source_share,target_share,source_mean_true_net_effect,target_mean_true_net_effect
low,0.3333333333333333,0.09857142857142857,160.93124112865138,-284.7784112418623
middle,0.3333333333333333,0.22,1625.3465056508094,640.2887672933343
high,0.3333333333333333,0.6814285714285714,3298.721351609425,1816.6747385046774
