n_source_eval,n_target,weight_min,weight_p50,weight_p90,weight_max,effective_source_sample_size
360,700,0.22857142857142856,0.638095238095238,4.197683397683398,4.197683397683398,158.30816759642627
