risk_cell,region,source_share,target_share,target_to_source_weight
high,central_city,0.12777777777777777,0.11714285714285715,0.9167701863354039
high,rural,0.10277777777777777,0.43142857142857144,4.197683397683398
high,suburban,0.10277777777777777,0.13285714285714287,1.2926640926640929
low,central_city,0.16111111111111112,0.054285714285714284,0.3369458128078817
low,rural,0.025,0.005714285714285714,0.22857142857142856
low,suburban,0.14722222222222223,0.03857142857142857,0.26199460916442047
middle,central_city,0.14444444444444443,0.08142857142857143,0.5637362637362638
middle,rural,0.03888888888888889,0.04285714285714286,1.1020408163265305
middle,suburban,0.15,0.09571428571428571,0.638095238095238
