group_variable,group_value,profile,n,accuracy,precision,recall,f1,false_positive_rate,false_negative_rate,positive_rate,brier,tp,fp,fn,tn
program_area,city contractor,transfer_adapted_v1,20.0,0.95,0.8333333333333334,1.0,0.9090909090909091,0.06666666666666667,0.0,0.3,0.08231999999999999,5.0,1.0,0.0,14.0
program_area,community college,transfer_adapted_v1,16.0,0.875,0.8571428571428571,0.8571428571428571,0.8571428571428571,0.1111111111111111,0.14285714285714285,0.4375,0.1585,6.0,1.0,1.0,8.0
program_area,training voucher,transfer_adapted_v1,22.0,0.7727272727272727,1.0,0.7058823529411765,0.8275862068965517,0.0,0.29411764705882354,0.5454545454545454,0.3571334740909091,12.0,0.0,5.0,5.0
program_area,union pathway,transfer_adapted_v1,26.0,0.9230769230769231,0.9230769230769231,0.9230769230769231,0.9230769230769231,0.07692307692307693,0.07692307692307693,0.5,0.14132284807692308,12.0,1.0,1.0,12.0
program_area,workforce agency,transfer_adapted_v1,16.0,1.0,1.0,1.0,1.0,0.0,0.0,0.375,0.13311875,6.0,0.0,0.0,10.0
region,Midwest,transfer_adapted_v1,25.0,0.88,0.8888888888888888,0.8,0.8421052631578948,0.06666666666666667,0.2,0.36,0.164764,8.0,1.0,2.0,14.0
region,Northeast,transfer_adapted_v1,20.0,0.95,0.8333333333333334,1.0,0.9090909090909091,0.06666666666666667,0.0,0.3,0.05686932149999999,5.0,1.0,0.0,14.0
region,South,transfer_adapted_v1,30.0,0.9333333333333333,1.0,0.8888888888888888,0.9411764705882353,0.0,0.1111111111111111,0.5333333333333333,0.22392717466666667,16.0,0.0,2.0,12.0
region,West,transfer_adapted_v1,25.0,0.84,0.9230769230769231,0.8,0.8571428571428571,0.1,0.2,0.52,0.2347731524,12.0,1.0,3.0,9.0
