measure,intercept,slope,std_error
benchmark_mismatch,2.8856307692307697,-0.3601370192307691,0.04648054272327725
adapted_llm_label,2.8349160714285713,-0.2776160714285707,0.05237085606082844
adapted_llm_score,2.8422359729093145,-0.5869782787902093,0.11149698385938964
