wage_quartile,mean_wage,mean_applicants,mean_fill_probability,fill_rate,postings
Q1 low,10.182731543559264,111.95,0.6245967510994141,0.6416666666666667,120
Q2,12.450510276018013,144.525,0.6390141555976571,0.675,120
Q3,14.134080510329877,183.45833333333334,0.6689804050755638,0.625,120
Q4 high,16.772776434383548,226.61666666666667,0.6757177804208611,0.6416666666666667,120
