market_state,employed,ee_moves,upward_moves,ee_rate,upgrade_share
loose,720,42,12,0.058333333333333334,0.2857142857142857
tight,720,72,33,0.1,0.4583333333333333
