arm,workers,bonus_rate,monitoring_intensity,feedback_score,relational_motivation,visible_effort,productive_output,compliance_actions,gaming_score
control,100,0.0,0.12,0.18,0.49,81.22800000000001,82.16799999999999,10.94,0.176
pay_only,100,0.2,0.12,0.18,0.49,84.82799999999999,86.16799999999999,10.94,0.226
monitoring_only,100,0.0,0.58,0.44,0.48700000000000004,87.12799999999999,83.71799999999999,16.46,0.364
pay_monitoring,100,0.2,0.6,0.5,0.485,91.228,88.068,16.7,0.412
digital_dashboard,100,0.12,0.82,0.63,0.463,92.63799999999999,87.15799999999999,20.84,0.48
