arm,workers,bonus_rate,monitoring_intensity,feedback_score,relational_motivation,visible_effort,productive_output,compliance_actions,gaming_score,visible_effort_vs_control,productive_output_vs_control,compliance_actions_vs_control,gaming_score_vs_control,relational_motivation_vs_control
control,100,0.0,0.12,0.18,0.49,81.22800000000001,82.16799999999999,10.94,0.176,0.0,0.0,0.0,0.0,0.0
pay_only,100,0.2,0.12,0.18,0.49,84.82799999999999,86.16799999999999,10.94,0.226,3.59999999999998,4.0,0.0,0.05000000000000002,0.0
monitoring_only,100,0.0,0.58,0.44,0.48700000000000004,87.12799999999999,83.71799999999999,16.46,0.364,5.899999999999977,1.5499999999999972,5.520000000000001,0.188,-0.002999999999999947
pay_monitoring,100,0.2,0.6,0.5,0.485,91.228,88.068,16.7,0.412,9.999999999999986,5.900000000000006,5.76,0.236,-0.0050000000000000044
digital_dashboard,100,0.12,0.82,0.63,0.463,92.63799999999999,87.15799999999999,20.84,0.48,11.409999999999982,4.989999999999995,9.9,0.304,-0.02699999999999997
