regime,workers,evaluation_weight,discretion,influence_activity,productive_effort,objective_output,subjective_rating,pay_index
objective_metric,120,0.15,0.1,5.8,75.83083333333335,63.72541666666667,0.7480833333333333,42.31875
subjective_low_discretion,120,0.38,0.32,6.72,73.41499999999999,61.69666666666667,1.2987083333333334,44.05041666666667
subjective_high_discretion,120,0.62,0.58,7.680000000000001,72.985,61.332499999999996,2.125375,50.40833333333333
