covariate,mean_z0,mean_z1,difference_z1_minus_z0,standardized_difference
female,0.4798800299925019,0.49612403100775193,0.01624400101525003,0.03249758730836079
parent_education,11.529276430892278,11.616130532633159,0.08685410174088126,0.04200377422714701
family_income,42092.3135616096,41846.53757939484,-245.77598221475637,-0.018943696380706074
birth_year,1938.6020994751311,1938.5551387846963,-0.046960690434843855,-0.009080651055627014
