synthetic_compliance_type,observations,share,treatment_rate,instrument_rate,mean_log_earnings,mean_true_effect
always_taker,1909,0.238625,1.0,0.5154531168150864,2.661958931377685,0.06149292823467784
complier,3832,0.479,0.4848643006263048,0.4848643006263048,2.513165474947808,0.0889232776617954
never_taker,2259,0.282375,0.0,0.5121735281097831,2.3302863213811422,0.06445949535192563
