birth_quarter,compulsory_exposure,observations,treatment_rate,mean_log_earnings
1,0,2040,0.23431372549019608,2.4835899019607846
2,0,1961,0.2279449260581336,2.4686409484956653
3,1,2044,0.7181996086105675,2.5313254403131116
4,1,1955,0.7028132992327366,2.5036772378516625
