measure,intercept,slope,slope_relative_to_true_label,mean_measure,sd_measure
true_remote_label,2.8273925714285717,0.4110943251231527,1.0,0.453125,0.49857752201091604
dictionary_broad_score,2.864699204721653,0.41694362526884404,1.01422860834661,0.3572916666666667,0.3902980824614828
embedding_similarity_score,2.726468842600376,0.4857073302341814,1.181498504239086,0.5913043246869505,0.3138815607208214
supervised_score,2.7718110661484006,0.5284880269490028,1.2855639074820167,0.45764257470101233,0.35023698705165573
constructed_measure,2.7629116852558586,0.545972113974759,1.3280945043724468,0.4592871976896136,0.33454167225228576
