outcome,control_pre_mean,control_post_mean,treated_pre_mean,treated_post_mean,difference_in_differences
sales_index,99.5,101.0,100.5,109.66666666666667,7.666666666666671
profit_index,99.16666666666667,100.41666666666667,99.66666666666667,108.66666666666667,7.75
attendance_rate,0.9466666666666667,0.9486666666666667,0.9474999999999999,0.9580833333333333,0.008583333333333387
