outcome,beta_post_x_exposure,se
mean_earnings_k,4.738402773724253,1.4659883674872807
employment_rate,0.041159550695950134,0.048350632816999334
takeup_rate,-0.43164869281206364,0.02633171282360612
