knowledge_quartile,mean_earnings_k_pre,mean_earnings_k_post,employment_rate_pre,employment_rate_post,takeup_rate_pre,takeup_rate_post,effective_exposure_pre,effective_exposure_post,earnings_change_k,employment_change,takeup_change
Q1 low,17.36739954084592,19.600856167433935,0.5959001303930478,0.6343624325427811,0.5625205760845773,0.7203898229763431,0.035073884234734724,0.035073884234734724,2.2334566265880156,0.03846230214973334,0.15786924689176585
Q2,17.45878459696294,19.70233497411341,0.5773544062449459,0.6216713117419053,0.626557952222295,0.7713472008100605,0.046992280834390075,0.04699228083439008,2.24355037715047,0.044316905496959325,0.14478924858776543
Q3,17.599984331243117,19.838821780076554,0.6045077261681888,0.6521843974940515,0.6676239419652142,0.8013532257440648,0.06193046924224542,0.06193046924224542,2.2388374488334364,0.04767667132586273,0.13372928377885052
Q4 high,17.528904602135064,19.81393746678386,0.5716676606821002,0.6155697380717923,0.7259834059325946,0.8419227261604945,0.0766500621652624,0.0766500621652624,2.2850328646487945,0.043902077389692096,0.11593932022789988
