model,variable,estimate,std_error,t_stat,nobs
behavior_on_network_wage,intercept,28.32395265529589,3.936615537661244,7.195000981000863,72
behavior_on_network_wage,network_info_exposure,-4.486327177390464,6.439264166185438,-0.6967142613824654,72
behavior_on_network_wage,degree,0.21851103267483415,0.08299464314812975,2.6328329683258382,72
behavior_on_network_wage,skill,4.3577782061139185,0.32682621889084057,13.333624887571855,72
behavior_on_network_wage,senior,2.1989946466506805,0.7935781255669881,2.7709869712948096,72
behavior_on_network_wage,group_b,-0.9744638032765609,0.6224734391007958,-1.5654704957118148,72
