scenario,edge_count,mean_predicted_wage,group_a_predicted_wage,group_b_predicted_wage,a_minus_b_gap,mean_network_info_exposure,mean_degree
baseline_observed_network,406,29.02116388888846,29.96141777777732,27.454074074073677,2.5073437037036435,0.5496556112231432,11.277777777777779
fixed_network_better_information,406,28.662257714697212,29.602511603586088,27.09516789988244,2.507343703703647,0.6296556112231431,11.277777777777779
endogenous_cross_group_link_policy,454,29.288416713357517,30.203395628863987,27.763451854180076,2.439943774683911,0.5550264230575568,12.61111111111111
