model,variable,estimate,std_error,t_stat,nobs
link_formation_lpm,intercept,0.17123971179116387,0.062237595396764545,2.7513870145450037,2556
link_formation_lpm,same_group,0.10134732694713558,0.014007894339443844,7.2350150915800935,2556
link_formation_lpm,same_occupation,0.09275130780062324,0.018036408307917737,5.1424488854528025,2556
link_formation_lpm,skill_distance,-0.029873986844281455,0.011318652853893147,-2.6393588733491407,2556
link_formation_lpm,geo_distance,-0.01494448056471482,0.0033227998987418426,-4.4975565848468495,2556
link_formation_lpm,either_senior,0.07974818128477512,0.01882790055008003,4.23563854465102,2556
link_formation_lpm,referral_opportunity,-0.0867757251837953,0.11437566277688656,-0.7586904685577153,2556
