arm,workers,baseline_participation,program_participation,post_participation,commitment_takeup,program_participation_vs_control,post_participation_vs_control,commitment_takeup_vs_control
control,90,0.36,0.368,0.35,0.0,0.0,0.0,0.0
incentive,90,0.36,0.548,0.39,0.0,0.18000000000000005,0.040000000000000036,0.0
commitment,90,0.36,0.46799999999999997,0.44,0.4222222222222222,0.09999999999999998,0.09000000000000002,0.4222222222222222
incentive_commitment,90,0.36,0.598,0.47,0.4666666666666667,0.22999999999999998,0.12,0.4666666666666667
