manager_norm,workers,support_index,promotion_standard,conformity_pressure,culture_alignment,promotion_score,retention_index,local_norm_shift
supportive_growth,180,0.72,0.4799999999999999,0.16,0.52,87.245,0.7956666666666666,-0.019999999999999997
traditional_gatekeeping,180,0.3,0.68,0.36,0.33699999999999997,75.965,0.6595000000000001,-0.20299999999999999
high_pressure_merit,180,0.4799999999999999,0.76,0.42,0.38899999999999996,78.345,0.6916666666666667,-0.151
