comparison_arm,workers,wage,peer_ref_wage,manager_ref_wage,comparison_info,transparency_depth,peer_gap,fairness_cost,morale_index,effort_units,quit_intent
equal_pay,100,19.2,19.2,29.0,0.0,0.0,0.0,0.0,82.6,52.275,0.1
underpaid_hidden,100,18.6,19.2,29.0,0.0,0.0,0.6,0.0,82.6,51.943000000000005,0.1
underpaid_informed,100,18.6,19.2,29.0,1.0,0.55,0.6,1.022,76.67,50.105,0.1562
manager_salary_info,100,18.8,19.2,29.0,1.0,0.85,0.44,1.197,75.658,49.901,0.17579999999999998
compressed_pay,100,18.9995,19.05,29.0,1.0,0.45,0.05050000000000001,0.48806000000000005,79.76769999999999,51.284000000000006,0.12702
