choose_school,observations,mean_schooling_state,mean_experience_state,mean_wage_offer,mean_tuition
0,5872,13.49982970027248,2.346049046321526,33475.60927622616,5830.170240122617
1,3728,12.410944206008583,1.1730150214592274,29666.214667381973,5130.010477467812
