object,baseline,tuition_subsidy,difference
final mean schooling years,14.1825,14.606666666666667,0.42416666666666814
final mean experience years,4.285,3.8608333333333333,-0.4241666666666668
final mean predicted wage offer,38271.53467930179,39341.59662218433,1070.0619428825376
