period,observations,school_rate,work_rate,mean_schooling_years,mean_experience_years,mean_tuition,mean_wage_offer,mean_observed_wage_for_workers
0,1200,0.7341666666666666,0.2658333333333333,11.2325,0.235,4446.2047999999995,24837.424016666668,24067.578495297807
1,1200,0.64,0.36,11.966666666666667,0.5008333333333334,4752.085083333333,26963.475858333335,26230.136597222227
2,1200,0.5441666666666667,0.4558333333333333,12.606666666666667,0.8608333333333333,5079.935449999999,28784.260383333327,28308.503601462522
3,1200,0.38416666666666666,0.6158333333333333,13.150833333333333,1.3166666666666667,5400.100600000001,30834.510908333337,30646.490947225986
4,1200,0.305,0.695,13.535,1.9325,5717.087233333333,32859.0105,32769.82509592327
5,1200,0.2225,0.7775,13.84,2.6275,6043.763558333333,34868.915725000006,34666.705916398714
6,1200,0.15916666666666668,0.8408333333333333,14.0625,3.405,6353.220341666667,37274.61006666667,37316.72743310209
7,1200,0.1175,0.8825,14.221666666666666,4.245833333333334,6673.801858333333,39548.1475,39635.77719546742
