month,unemployed,matches,vacancies,job_finding_rate,tightness,fixed_composition_rate,composition_component,matching_gap_proxy
2025-01,300,109,170,0.36333333333333334,0.5666666666666667,0.36333333333333334,0.0,0.6411764705882353
2025-02,315,105,168,0.3333333333333333,0.5333333333333333,0.3487755102040816,-0.015442176870748281,0.625
2025-03,334,101,164,0.3023952095808383,0.49101796407185627,0.3350711548987411,-0.0326759453179028,0.6158536585365854
2025-04,352,105,166,0.29829545454545453,0.4715909090909091,0.3488861161524501,-0.050590661606995546,0.6325301204819277
2025-05,368,111,172,0.3016304347826087,0.4673913043478261,0.3683188158954374,-0.06668838111282871,0.6453488372093024
2025-06,380,116,178,0.30526315789473685,0.46842105263157896,0.3856244384546271,-0.08036128055989028,0.651685393258427
