era,mean_membership_rate,mean_coverage_rate,mean_direct_compression_points,mean_spillover_compression_points,mean_p90_p10_gap_observed,mean_p90_p10_gap_no_union_counterfactual
1984-1991,0.2339629322973865,0.2725005458704072,5.320920594286855,2.168880446304944,0.8908115904134926,1.6397916944726727
1992-2001,0.20835540465791585,0.2465479256586847,4.844289713754341,1.9571844472903785,1.1134488987284796,1.7935963148329517
2002-2012,0.17250545651856236,0.2106888781969071,4.179789004338087,1.6986793512133789,1.3862609707625986,1.9741078063177453
2013-2024,0.13516191867988833,0.17419833499650797,3.515644921469823,1.425551125318543,1.6663320333109632,2.1604516379898002
