belief_bin,observations,subjective_prob,realized_exit_rate,applications,subjective_minus_realized
low,432,0.11991666666666667,0.13194444444444445,4.277777777777778,-0.012027777777777776
middle,360,0.25393333333333334,0.23055555555555557,7.122222222222222,0.023377777777777775
high,168,0.3778571428571429,0.34523809523809523,8.80952380952381,0.03261904761904766
