duration_week,observations,subjective_prob,model_predicted_prob,realized_exit_rate,applications,reservation_wage,subjective_minus_realized
1,240,0.3145,0.266,0.2875,8.616666666666667,20.78966666666667,0.027000000000000024
4,240,0.2575,0.221,0.2375,7.1,20.235500000000002,0.020000000000000018
8,240,0.18150000000000002,0.161,0.17916666666666667,5.333333333333333,19.497166666666665,0.002333333333333354
12,240,0.10775,0.10325000000000001,0.12083333333333333,3.5,18.772166666666667,-0.013083333333333336
