profile,n,accuracy,precision,recall,f1,false_positive_rate,false_negative_rate,positive_rate,brier,tp,fp,fn,tn
conservative_v1,180.0,0.6111111111111112,0.9375,0.17857142857142858,0.30000000000000004,0.010416666666666666,0.8214285714285714,0.08888888888888889,0.3380504767222222,15.0,1.0,69.0,95.0
expansive_v1,180.0,0.7,0.8260869565217391,0.4523809523809524,0.5846153846153845,0.08333333333333333,0.5476190476190477,0.25555555555555554,0.2498521728888889,38.0,8.0,46.0,88.0
rubric_v1,180.0,0.7,0.96875,0.36904761904761907,0.5344827586206897,0.010416666666666666,0.6309523809523809,0.17777777777777778,0.30090042661111116,31.0,1.0,53.0,95.0
