measure,intercept,slope,std_error
benchmark_mismatch,3.4009562499999997,-0.4394812500000001,0.039780059726005
llm_rubric_label,3.2535621621621615,-0.32454653716216186,0.06285115173672062
llm_rubric_score,3.316200718082357,-1.058615091799765,0.1557120176298394
