center_quality,control_endline_skill,treatment_endline_skill,treatment_gap
high_quality,0.35249166666666665,0.5731775,0.22068583333333336
low_quality,0.31199166666666667,0.42662750000000005,0.11463583333333338
medium_quality,0.34590333333333334,0.52272,0.17681666666666662
