center_quality,treatment,mean_classroom_input,mean_endline_skill,mean_language_score,children
high_quality,0,0.6177499999999999,0.35249166666666665,0.2887283333333333,60
high_quality,1,0.6442574999999999,0.5731775,0.40064,40
low_quality,0,0.41169666666666666,0.31199166666666667,0.2793033333333333,60
low_quality,1,0.471765,0.42662750000000005,0.35805750000000003,40
medium_quality,0,0.50173,0.34590333333333334,0.270645,60
medium_quality,1,0.532945,0.52272,0.377325,40
