geography,geography_id,baseline_employment_1990,population_1990,exposure,share_manufacturing,share_apparel,share_logistics,share_health,share_business,share_retail
cz_id,CZ01,18663,33946,0.14170412045223169,0.49247173551947704,0.14193859508117665,0.09237528800300059,0.06745967957991748,0.11638000321491722,0.08937469860151101
cz_id,CZ02,13683,27855,0.12465088065482716,0.20024848351969599,0.39370021194182564,0.09456990426076153,0.0889424833735292,0.059124461010012425,0.16341445589417525
cz_id,CZ03,12160,23565,0.06310115131578946,0.11768092105263157,0.10476973684210526,0.29745065789473685,0.11677631578947369,0.22047697368421051,0.1428453947368421
cz_id,CZ04,20093,34313,0.04663061762802967,0.0851540337430946,0.11745383964564773,0.13825710446424128,0.37420992385407853,0.14467725078385507,0.14024784750908276
cz_id,CZ05,18065,34349,0.05680094104622198,0.08635482978134515,0.12106282867423195,0.18533075006919458,0.11613617492388596,0.37924162745640744,0.11187378909493496
