geocode_quality,tracts,mean_abs_county_minus_cz,mean_cz_exposure,mean_county_exposure
rooftop,38,0.006563974351520342,0.0861780776499089,0.08427074838999603
street,18,0.010330340319142215,0.08481919847890992,0.08907066179827682
zip_centroid,4,0.006767728218638939,0.09828500246207063,0.09327101137891018
