exposure_arm,workers,peer_effort_norm,peer_visibility,learning_signal,social_pressure,effort_units,deviation_from_norm,social_penalty_index,productivity_value,attendance_index,effort_units_vs_average_visible,deviation_from_norm_vs_average_visible,social_penalty_index_vs_average_visible,productivity_value_vs_average_visible,attendance_index_vs_average_visible
low_peer_visible,180,38.0,1.0,0.11999999999999998,0.2,44.245000000000005,6.244999999999999,1.2489999999999999,63.32705555555556,0.8364999999999999,-2.2549999999999955,4.074999999999999,0.8583333333333332,-2.41772222222221,-0.005083333333333329
average_peer_visible,180,45.0,1.0,0.11999999999999998,0.18,46.5,2.17,0.3906666666666667,65.74477777777777,0.8415833333333332,0.0,0.0,0.0,0.0,0.0
high_peer_hidden,180,53.0,0.0,0.22,0.04,48.695,4.305,0.0,67.9005,0.844,2.1950000000000003,2.135,-0.3906666666666667,2.1557222222222236,0.0024166666666667336
high_peer_visible,180,53.0,1.0,0.23999999999999996,0.26,50.8,2.45,0.637,69.50644444444444,0.8400833333333334,4.299999999999997,0.28000000000000025,0.2463333333333333,3.7616666666666703,-0.0014999999999998348
