object,baseline,tuition_subsidy,difference
final mean schooling years,13.872,14.26,0.3879999999999999
final mean experience years,3.573,3.185,-0.3879999999999999
final mean predicted wage offer,37221.01264574982,38046.65808744631,825.6454416964916
