shock_bin,secondary_wage_shock,primary_wage_change,separation,primary_pass_through
low,-0.059666666666666666,-0.008166666666666668,0.0,0.1368715083798883
mid-low,-0.0015000000000000002,-0.0003333333333333333,0.16666666666666666,0.22222222222222218
mid-high,0.04883333333333333,0.006333333333333333,0.5,0.1296928327645051
high,0.09366666666666668,0.011500000000000002,0.8333333333333334,0.12277580071174378
