worker_group,mean_hourly_wage,mean_amenity_value,mean_total_job_value,mean_commute_minutes
frontline_track,21.869488425925926,0.8494694444444443,22.71895787037037,38.486111111111114
professional_track,30.707652777777778,4.192663888888889,34.90031666666667,22.958333333333332
