wage_quartile,mean_hourly_wage,mean_total_job_value
Q1,19.622166666666665,20.455417777777775
Q2,22.655227777777778,23.486459333333332
Q3,27.082416666666667,29.963048222222223
Q4,32.25920555555555,36.46108022222222
