model,variable,estimate,std_error,t_stat,nobs
observed_referral_callback_lpm,intercept,-0.6008885157099562,0.40026930604806954,-1.5012105765556594,330
observed_referral_callback_lpm,tie_strength,0.14878193436840628,0.1755397346588222,0.8475684132574189,330
observed_referral_callback_lpm,signal_quality,0.5799212896522584,0.22083044607292251,2.626093004679061,330
observed_referral_callback_lpm,same_group,0.08772913980423433,0.08809263294366834,0.9958737396387454,330
observed_referral_callback_lpm,applicant_skill,0.06947273517775752,0.05199916096077556,1.3360356954636783,330
observed_referral_callback_lpm,referrer_access,0.7062654658617207,0.5769806688899594,1.2240712799277826,330
observed_referral_callback_lpm,applicant_group_b,0.02836253231576332,0.08441412286660625,0.33599273856796036,330
