scenario,referral_count,cross_group_share,mean_tie_strength,mean_signal_quality,mean_predicted_callback,group_a_predicted_callback,group_b_predicted_callback,a_minus_b_callback_gap
baseline_observed_referrals,330,0.3181818181818182,0.6898872727272728,0.69832,0.46085307996572256,0.5022026431718191,0.36972346008432533,0.13247918308749373
fixed_referral_better_information,330,0.3181818181818182,0.6898872727272728,0.7698945454545455,0.5021454444067434,0.5425007860043068,0.4132069731189094,0.12929381288539743
endogenous_cross_group_referral_policy,410,0.45121951219512196,0.6992882926829268,0.7223151219512194,0.4739531239372761,0.5042933516691859,0.4328020104618123,0.07149134120737355
