applicant_group,observed_referrals,callback_rate,mean_tie_strength,mean_signal_quality,cross_group_share
A,227,0.5022026431718062,0.7464105726872247,0.732837885462555,0.07488986784140969
B,103,0.36893203883495146,0.5653165048543689,0.6222466019417475,0.8543689320388349
