lottery_label,move_rate,far_move_rate,employer_switch_rate,occupation_upgrade_rate,mean_wage_growth,mean_unemployment_days,winner_minus_control_move_rate,winner_minus_control_wage_growth
control,0.20462633451957296,0.03113879003558719,0.3274021352313167,0.2749110320284697,0.029100101032342184,27.071378620052332,0.12994615618674676,0.014965999575212916
winner,0.3345724907063197,0.10594795539033457,0.4228624535315985,0.370817843866171,0.0440661006075551,22.279433248812374,0.12994615618674676,0.014965999575212916
