gap_quartile,move_rate_control,move_rate_winner,far_move_rate_control,far_move_rate_winner,mean_wage_growth_control,mean_wage_growth_winner,move_rate_gap,far_move_rate_gap,wage_growth_gap
Q1,0.15162454873646208,0.23443223443223443,0.02527075812274368,0.05128205128205128,0.025799138533021054,0.03837177590111003,0.08280768569577235,0.0260112931593076,0.012572637368088977
Q2,0.1993006993006993,0.29924242424242425,0.038461538461538464,0.07575757575757576,0.028026476417461327,0.04245431291143192,0.09994172494172496,0.037296037296037296,0.01442783649397059
Q3,0.23616236162361623,0.36200716845878134,0.02214022140221402,0.12544802867383512,0.03082463073051433,0.044888798005652424,0.1258448068351651,0.10330780727162109,0.014064167275138095
Q4,0.23103448275862068,0.4461538461538462,0.03793103448275862,0.17307692307692307,0.031700362080491234,0.05079890838665845,0.2151193633952255,0.13514588859416446,0.019098546306167218
