mover_type,observations,mean_wage_growth,mean_unemployment_days
stayer,1109,0.023496911984684263,27.353202483722995
stayer_switch,501,0.04154644954371625,23.100140943839563
local_mover,211,0.04446836610973376,23.03336428310186
far_mover,57,0.05067268478725268,22.85087676488101
local_mover_switch,230,0.06462898092102493,20.025356195817185
far_mover_switch,92,0.0664669272587201,18.74625883671583
