metric,value
num_rows,56.0
mean_bite,0.8378944299103219
border_did_employment,2.1067964456428996
border_did_hours,-0.6311511940536008
border_did_wage,1.0310130994073106
