arm,workers,information_content,planning_support,salience_boost,baseline_belief,post_belief,applications_week1,search_plan_score,exit_by_week4,observed_duration_weeks,post_belief_adjusted,applications_adjusted,exit_adjusted,post_belief_vs_control,applications_week1_vs_control,search_plan_score_vs_control,exit_by_week4_vs_control,observed_duration_weeks_vs_control,post_belief_adjusted_vs_control,applications_adjusted_vs_control,exit_adjusted_vs_control
control,200,0.0,0.0,0.0,0.321,0.31562,2.8645,41.6259,0.68,3.52,0.31562,2.8645,0.68,0.0,0.0,0.0,0.0,0.0,0.0,0.0,0.0
belief_info,200,1.0,0.2,0.35,0.321,0.446395,4.68125,53.1259,0.72,3.28,0.446395,4.68125,0.72,0.13077499999999997,1.8167500000000003,11.5,0.039999999999999925,-0.2400000000000002,0.13077499999999997,1.8167500000000003,0.039999999999999925
planning_prompt,200,0.25,1.0,0.45,0.321,0.39063000000000003,4.95425,58.29885,0.705,3.315,0.39063000000000003,4.954249999999999,0.705,0.07501000000000002,2.08975,16.67295,0.02499999999999991,-0.20500000000000007,0.07501000000000002,2.089749999999999,0.02499999999999991
belief_planning,200,1.0,1.0,0.65,0.321,0.48188000000000003,6.0575,64.723,0.735,3.085,0.48188000000000003,6.0575,0.735,0.16626000000000002,3.193,23.097099999999998,0.05499999999999994,-0.43500000000000005,0.16626000000000002,3.193,0.05499999999999994
