event_time,att,observations,cohorts
0,1.0274112664135344,53,3
1,1.308544924030561,53,3
2,1.3825391172205956,53,3
3,2.195226058666099,34,2
4,2.5963897030712206,34,2
5,3.3667074825263845,13,1
6,3.511913960259158,13,1
