score_bin,n,mean_score,realized_rate,absolute_calibration_gap
"(-0.001, 0.2]",34,0.05410880905273848,0.0,0.05410880905273848
"(0.2, 0.4]",12,0.29613993561751356,0.16666666666666666,0.1294732689508469
"(0.4, 0.6]",5,0.48133920854883233,0.6,0.11866079145116765
"(0.6, 0.8]",7,0.6946814730657065,1.0,0.3053185269342935
"(0.8, 1.0]",26,0.9695068409985205,1.0,0.03049315900147953
