model,model_type,penalty,train_brier,train_mae,train_accuracy,train_precision,train_recall,train_positive_rate,test_brier,test_mae,test_accuracy,test_precision,test_recall,test_positive_rate,nonzero_features
majority_probability,baseline,0.0,0.24872448979591832,0.49744897959183676,0.5357142857142857,0.0,0.0,0.0,0.24787414965986393,0.4965986394557823,0.5476190476190477,0.0,0.0,0.0,0.0
keyword_rule,baseline,0.0,0.29591836734693877,0.29591836734693877,0.7040816326530612,0.610738255033557,1.0,0.7602040816326531,0.27380952380952384,0.27380952380952384,0.7261904761904762,0.6229508196721312,1.0,0.7261904761904762,0.0
best_ridge,ridge,0.001,0.025876303096012875,0.10809761835871151,1.0,1.0,1.0,0.4642857142857143,0.046504176109051255,0.1348401572185709,0.9642857142857143,1.0,0.9210526315789473,0.4166666666666667,80.0
best_lasso,lasso,0.001,0.02614477732769772,0.1089680120436811,1.0,1.0,1.0,0.4642857142857143,0.046406709100498184,0.13501554709004873,0.9642857142857143,1.0,0.9210526315789473,0.4166666666666667,57.0
best_elastic_net,elastic_net,0.001,0.02602397772346504,0.10857384071141253,1.0,1.0,1.0,0.4642857142857143,0.046455573077882145,0.13494049837156108,0.9642857142857143,1.0,0.9210526315789473,0.4166666666666667,61.0
