method,correlation_with_external_audit,correlation_with_simulation_truth,mean_absolute_error_to_external_audit
supervised_baseline,0.8073201561881806,0.7771038712437491,0.18722624997637732
constructed_validation_score,0.8062421733117396,0.7798164779107886,0.19034207640039782
dictionary,0.6641979256723399,0.6380284036118138,0.2373373015873016
embedding_similarity,0.6990431269120599,0.6928763537382175,0.23887943307232118
