n,observed_agreement,expected_agreement,cohens_kappa,rater_a_positive_rate,rater_b_positive_rate
420.0,0.7738095238095238,0.5026077097505669,0.5452473216320949,0.4452380952380952,0.47619047619047616
