measure,intercept,slope,slope_relative_to_simulation_truth,mean_measure,sd_measure
simulation_truth_label,2.688077729257642,0.4844919042502116,1.0,0.45476190476190476,0.4985431668746583
benchmark_label,2.71868963963964,0.40242904722904727,0.8306207878784623,0.4714285714285714,0.4997783347717888
dictionary_score,2.740065784641616,0.46515112138500875,0.960080276480297,0.3619047619047619,0.3924892463024725
embedding_similarity_score,2.605012308883032,0.5327658882992434,1.0996383708903033,0.5694694203521316,0.3176012205066457
supervised_score,2.6165481495677154,0.6218221384413296,1.2834520721324478,0.46935935996111666,0.3343139902367235
constructed_validation_score,2.614051510100558,0.6291102518722534,1.2984948692710352,0.46789045242804866,0.32580232629636613
