arm,accounts,disclosure,switching_help,high_switching_cost,sales_contact,fee_salience_index,demand_elasticity_index,switched_plan,chose_low_fee_plan,realized_fee_bps
opaque,300,0.0,0.0,0.6666666666666666,0.5,0.19,0.161,0.043333333333333335,0.29,132.42666666666668
fee_disclosure,300,1.0,0.0,0.6666666666666666,0.5,0.61,0.39466666666666667,0.09333333333333334,0.49333333333333335,116.33333333333333
disclosure_switching_help,300,1.0,1.0,0.6666666666666666,0.5,0.79,0.5066666666666667,0.29,0.6233333333333333,111.12
