high_search_friction,high_market_power,workers,belief_gap,applications_next_month,bargaining_attempt,moved_job,wage_growth_next_quarter,segmentation_index,diagnostic
0,0,156,1.4357051282051283,2.424807692307692,0.16025641025641027,0.10897435897435898,0.028884615384615387,0.27814102564102566,discipline more plausible
0,1,220,1.695318181818182,2.2853181818181816,0.14545454545454545,0.07272727272727272,0.019854545454545455,0.38982272727272727,discipline more plausible
1,0,276,1.9756521739130435,2.0054710144927537,0.17391304347826086,0.036231884057971016,0.023195652173913044,0.45942028985507244,discipline more plausible
1,1,348,2.337126436781609,1.864080459770115,0.12931034482758622,0.022988505747126436,0.01507183908045977,0.5759856321839081,persistent wedge likely
