domain,method,n,threshold,brier,mae,accuracy,precision,recall,f1,false_positive_rate,false_negative_rate,positive_prediction_rate
source_test,source_supervised_on_source_test,84.0,0.5,0.15327505412086953,0.3090121557317962,0.8452380952380952,0.8292682926829268,0.85,0.8395061728395061,0.1590909090909091,0.15,0.4880952380952381
source_test,source_dictionary_on_source_test,84.0,0.5,0.20502645502645506,0.3055555555555555,0.75,0.8518518518518519,0.575,0.6865671641791045,0.09090909090909091,0.425,0.32142857142857145
source_test,source_embedding_on_source_test,84.0,0.5,0.18152843057774987,0.33430371321318636,0.7142857142857143,0.6481481481481481,0.875,0.7446808510638299,0.4318181818181818,0.125,0.6428571428571429
transfer,embedding_similarity,180.0,0.5,0.014221915973274098,0.03988156467651256,0.9777777777777777,0.9809523809523809,0.9809523809523809,0.9809523809523809,0.02666666666666667,0.01904761904761905,0.5833333333333334
transfer,combined_transfer_score,180.0,0.5,0.21640869064852022,0.40317147072094045,0.4444444444444444,1.0,0.047619047619047616,0.0909090909090909,0.0,0.9523809523809523,0.027777777777777776
transfer,image_proxy,180.0,0.5,0.24921245194444444,0.46201722222222225,0.5888888888888889,0.6201550387596899,0.7619047619047619,0.6837606837606838,0.6533333333333333,0.23809523809523808,0.7166666666666667
transfer,source_text_score,180.0,0.5,0.2834399035615965,0.4180424997963387,0.4166666666666667,0.0,0.0,0.0,0.0,1.0,0.0
transfer,dictionary,180.0,0.5,0.5833333333333334,0.5833333333333334,0.4166666666666667,0.0,0.0,0.0,0.0,1.0,0.0
