method,correlation_with_external_audit,correlation_with_simulation_truth,mean_absolute_error_to_external_audit
embedding_similarity,0.8578299281926796,0.9706170870805869,0.21650984242447902
image_proxy,0.2602582649990856,0.13797959091188267,0.2522872222222222
combined_transfer_score,0.8296284370546801,0.926548234666897,0.3376989753723046
source_text_score,0.7269383885445316,0.8750606748100577,0.42954139405076075
dictionary,,,0.6258633333333332
