regime,mean_wage,mean_within_cell_sd,compression_ratio,offer_response_rate,retention_rate
discretionary,28.575000000000003,3.0,0.10543242284183782,0.5810709259780468,0.8826762487901938
standardized,27.6,1.575,0.05726088524683304,0.20386904761904762,0.9218804423545803
