bin_width,counterfactual_degree,excluded_left,excluded_right,bunch_left,bunch_right,excess_mass,missing_mass_above_kink,counterfactual_height_at_kink,normalized_bunching_bins,normalized_bunching_dollars,delta_log_net_of_tax,stylized_elasticity,interpretation,sensitivity_type
250.0,4.0,1500.0,4500.0,1500.0,1000.0,3486.5828093124865,1881.509965249312,273.54207359138667,12.746056807775375,3186.5142019438435,0.14310084364067333,0.4453522594101808,Excess mass mapped to elasticity using a simple kink model; not model-free.,
500.0,4.0,1500.0,4500.0,1500.0,1000.0,3487.22906698009,1880.1298630385197,549.2188252283089,6.349434700331798,3174.717350165899,0.14310084364067333,0.4437035127672097,Excess mass mapped to elasticity using a simple kink model; not model-free.,
1000.0,4.0,1500.0,4500.0,1500.0,1000.0,3518.803231090288,2103.66055971423,1086.4792401074062,3.2387210921236096,3238.7210921236097,0.14310084364067333,0.45264877686620053,Excess mass mapped to elasticity using a simple kink model; not model-free.,
500.0,3.0,1500.0,4500.0,1500.0,1000.0,3377.2914017783596,2028.6169591511698,571.4759984105075,5.909769458685743,2954.8847293428717,0.14310084364067333,0.41297935835551,Excess mass mapped to elasticity using a simple kink model; not model-free.,polynomial_degree_3
500.0,4.0,1500.0,4500.0,1500.0,1000.0,3487.22906698009,1880.1298630385197,549.2188252283089,6.349434700331798,3174.717350165899,0.14310084364067333,0.4437035127672097,Excess mass mapped to elasticity using a simple kink model; not model-free.,polynomial_degree_4
500.0,5.0,1500.0,4500.0,1500.0,1000.0,3458.179331161991,1756.457610669916,555.243108603662,6.228225578267327,3114.1127891336632,0.14310084364067333,0.43523332356491345,Excess mass mapped to elasticity using a simple kink model; not model-free.,polynomial_degree_5
