year,college,noncollege,college_premium
1980,2.5265858311955105,2.3199870460675167,0.2065987851279938
1990,2.6243900121236337,2.3362486757025143,0.2881413364211194
2000,2.7098873264879186,2.3723759430680795,0.3375113834198391
2010,2.7756350133518244,2.400845155262519,0.3747898580893052
2019,2.835822140505419,2.402224297462307,0.433597843043112
