year,total_variance,between_variance,within_variance,residual_variance,residual_sd
1980,0.06174342313967351,0.008545096449613402,0.05319832669006013,0.032271834836141745,0.17964363288505872
1990,0.07994689681302278,0.018071552763019135,0.061875344050003514,0.037225460572303935,0.19293900738913305
2000,0.09734399022281016,0.02633483648482145,0.07100915373798877,0.0445669665775957,0.21110889743825506
2010,0.1129122429425714,0.03428522354415225,0.07862701939841918,0.04920738746377907,0.22182738213254707
2019,0.1286127138609009,0.046245910983212186,0.0823668028776886,0.050821135261836,0.2254354347963869
