outcome,beta_exposure_post,se
ee_reallocation_rate,0.04293289498461894,0.007776587707240222
log_firm_employment,0.05968651828301774,0.017259279258372312
native_wage_growth,0.006666887051021475,0.004502988407189124
