signal_label,callback_rate,applications,overall_gap_group1_minus_group0
group_0,0.1779257849666984,1051,-0.032749950881937356
group_1,0.14517583408476104,1109,-0.032749950881937356
