quality_label,group_0,group_1,gap_group1_minus_group0
high_quality,0.2153846153846154,0.1614678899082569,-0.05391672547635851
standard_quality,0.14124293785310735,0.12943262411347517,-0.011810313739632178
