firm_segment,group_0,group_1,gap_group1_minus_group0
office_admin,0.17994100294985252,0.13385826771653545,-0.046082735233317074
national_chain,0.17563739376770537,0.1444141689373297,-0.03122322483037568
local_service,0.17827298050139276,0.15789473684210525,-0.020378243659287504
