arm,workers,gift_value,employer_effort,piece_rate,reciprocity_index,extra_work_minutes,output_units,quality_score,productivity_value,productivity_per_minute,extra_work_minutes_vs_control,output_units_vs_control,quality_score_vs_control,productivity_value_vs_control,productivity_per_minute_vs_control
control,120,0.0,0.0,0.0,0.5,47.5,58.823166666666665,0.8160000000000001,48.05558333333333,1.0113833333333333,0.0,0.0,0.0,0.0,0.0
cash_gift,120,1.0,0.0,0.0,0.5,52.74966666666667,61.34408333333333,0.804,49.37583333333334,0.9365083333333334,5.24966666666667,2.5209166666666647,-0.01200000000000001,1.3202500000000086,-0.07487499999999991
noncash_gift,120,0.85,0.35,0.0,0.5,53.538333333333334,62.35241666666666,0.822,51.32725000000001,0.9589583333333334,6.038333333333334,3.5292499999999976,0.005999999999999894,3.2716666666666754,-0.052424999999999944
piece_rate,120,0.0,0.0,0.22,0.5,50.36,61.737833333333334,0.824,50.90783333333333,1.0104583333333332,2.8599999999999994,2.914666666666669,0.007999999999999896,2.852249999999998,-0.0009250000000000647
employer_return,120,0.65,0.55,0.0,0.5,53.38666666666666,62.64141666666667,0.8260000000000001,51.79025,0.9701,5.886666666666663,3.818250000000006,0.010000000000000009,3.7346666666666692,-0.04128333333333334
