arm,workers,gift_value,employer_effort,piece_rate,reciprocity_index,extra_work_minutes,output_units,quality_score,productivity_value,productivity_per_minute
control,120,0.0,0.0,0.0,0.5,47.5,58.823166666666665,0.8160000000000001,48.05558333333333,1.0113833333333333
cash_gift,120,1.0,0.0,0.0,0.5,52.74966666666667,61.34408333333333,0.804,49.37583333333334,0.9365083333333334
noncash_gift,120,0.85,0.35,0.0,0.5,53.538333333333334,62.35241666666666,0.822,51.32725000000001,0.9589583333333334
piece_rate,120,0.0,0.0,0.22,0.5,50.36,61.737833333333334,0.824,50.90783333333333,1.0104583333333332
employer_return,120,0.65,0.55,0.0,0.5,53.38666666666666,62.64141666666667,0.8260000000000001,51.79025,0.9701
