fold,n_holdout,treated_share_holdout,outcome_nuisance_r2_holdout,treatment_nuisance_r2_holdout,mean_predicted_treatment_holdout,sd_treatment_residual_holdout
0,84,0.42857142857142855,0.7813868438796359,0.030926170920736573,0.4292020175726763,0.4900848175101178
1,84,0.42857142857142855,0.8014694599372225,-0.03966587476239147,0.4316780471573307,0.5076119567907688
2,84,0.42857142857142855,0.7465837356002828,0.06369914416626776,0.4199941538893332,0.48164960426941533
3,84,0.42857142857142855,0.7381869704297805,0.07777963334010085,0.4199196612135678,0.47801172972039985
4,84,0.42857142857142855,0.7386177982009522,0.04880793324859589,0.4443577901896008,0.4852827530641012
