ridge_penalty,theta,se,mean_outcome_nuisance_r2,mean_treatment_nuisance_r2
0.05,-0.07981565812412549,0.01861569478644888,0.8120949778756806,0.007108593940983532
0.25,-0.0800107009902199,0.01927557499840217,0.8077169915513455,0.02271987524164183
1.0,-0.08516872287999706,0.022113210949510825,0.7612489616095747,0.03630940138266192
5.0,-0.12771299169679115,0.031236108205273515,0.521754019670392,0.030170640731193778
