n,treated_share,p_hat_min,p_hat_p05,p_hat_p50,p_hat_p95,p_hat_max,share_below_0_10,share_above_0_90
420,0.42857142857142855,0.14854266296827956,0.26495901403127653,0.4285387943280165,0.5809382379704683,0.7009766986418933,0.0,0.0
