market,mean_concentration,mean_markdown,mean_wage
Metro,0.13818773764318665,1.1529854712559373,44.026537775775566
North,0.18055202701541048,1.1757812593475792,43.0860180584366
Rural,0.3413920278434019,1.270281849752446,40.2671910906978
South,0.25704669773574235,1.2191460228478646,42.00228333950465
