certified,workers,true_skill,prior_self_belief,posterior_self_belief,high_skill_targeting,firm_signal,hire_rate,group
0,150,71.4,71.316,71.316,0.64,46.303333333333335,0.21333333333333335,uncertified
1,150,69.784,69.74199999999999,69.76186666666668,0.5933333333333334,69.784,0.56,certified
