enforcement_tier,mean_inspection_rate,mean_compliance_index,mean_formal_share,mean_formal_wage_index,mean_low_wage_formalization_gain
lower enforcement,0.3144504745079502,0.5126826504657678,0.6057820572468278,0.9638094362487869,0.16220700207374977
middle enforcement,0.4850539601236786,0.6512960790984748,0.7303998859342015,0.94902687327813,0.18293568578584052
higher enforcement,0.6133607755212561,0.7497964089588586,0.8123190873451758,0.921977985972565,0.1966304183402523
