score_bin,n,mean_score,realized_rate,absolute_calibration_gap
"(-0.001, 0.2]",126,0.023787194275252218,0.18253968253968253,0.1587524882644303
"(0.2, 0.4]",24,0.2725070228871736,1.0,0.7274929771128265
