risk_group,n,treated,untreated,mean_baseline_risk,adjusted_cate,robust_se,mean_true_cate_in_synthetic_data
low,300,139,161,0.25403852214098666,0.27759346415161895,0.055882701411544486,0.2599631823108444
middle,300,157,143,0.4590070100637125,0.3411920624228668,0.05428674269773129,0.3193221223732172
high,300,180,120,0.6695351535160341,0.3636354613899103,0.05442064205744609,0.3719585255222297
