leaf,discovery_effect,evaluation_effect,same_sign,absolute_change
left,0.37907095439919924,0.37692222775079637,True,0.0021487266484028766
right,0.23295027038167307,0.32584021676910424,True,0.09288994638743117
gap_between_leaves,-0.14612068401752618,-0.05108201098169213,True,0.09503867303583405
