sample,split_variable,threshold,leaf,n,treated,untreated,effect,robust_se,mean_true_cate_in_synthetic_data
discovery,prior_work_months,2.180481451655923,left,225,129,96,0.37907095439919924,0.06098135637048791,0.3348754735134369
discovery,prior_work_months,2.180481451655923,right,225,115,110,0.23295027038167307,0.0667440593994047,0.30333338579464847
evaluation,prior_work_months,2.180481451655923,left,217,110,107,0.37692222775079637,0.06473729443431055,0.33048814302948026
evaluation,prior_work_months,2.180481451655923,right,233,122,111,0.32584021676910424,0.0632536336481816,0.3006876767389314
