risk_group,n,treated_share,offer_probability_p10,offer_probability_p50,offer_probability_p90
low,300,0.4633333333333333,0.414698207541881,0.4951230703813416,0.5693565531098878
middle,300,0.5233333333333333,0.46378107074851543,0.5422832524218895,0.6156926242403875
high,300,0.6,0.5249487110536862,0.6032091706941393,0.6743182688442305
