covariate,smd_raw,smd_weighted_att,smd_weighted_ate
age,-0.17794265425457959,0.03636713603223427,-0.2987005191443842
education,-0.8192052437477364,0.04229989504239094,-0.08687688211970532
black,0.0852802865422442,0.016279667876356072,0.2514043368507363
hispanic,0.11933548086093204,0.03124622472956372,-0.09239888911440042
married,-0.2838163951843803,-0.005650388549578328,0.07378080755091944
nodegree,0.659160178312673,-0.01998883591807535,0.0648176781848058
earnings_1974,-0.8876213097932166,0.01084963212627605,-0.06041174885522141
earnings_1975,-0.753829230906706,0.04704076999333168,-0.08324550507249683
