group,n,pscore_min,pscore_p10,pscore_median,pscore_p90,pscore_max
treated,24,0.03,0.12841822971637343,0.21218773267197785,0.42049558357016187,0.5496884819197287
untreated,136,0.03,0.03,0.09703834354368933,0.2824911576160265,0.51145170273211
