ivf_success,birth_rate,mean_employment,mean_hours,mean_earnings,people,group_label
0,0.24585635359116023,0.8722917127071824,41.65566491712707,144.5948900552486,362,No IVF success
1,0.7446043165467626,0.799878417266187,39.92608992805755,137.41387122302157,278,IVF success
