outcome,reduced_form,first_stage_births,wald_effect_of_birth
employment_after,-0.07140740110662765,0.49346852924948503,-0.14470507615800945
hours_after,-1.7986650514304923,0.49346852924948503,-3.6449437903691186
earnings_after_index,-6.5241585659246075,0.49346852924948503,-13.221022576347842
